
{
  "intents": [
    {
      "tag": "greet",
      "patterns": [
        "مرحبا", "السلام عليكم", "كيف حالك", "أهلاً", "صباح الخير", "مساء الخير", "تحية طيبة", "كيف يمكنني المساعدة؟", "مرحباً بك", "أهلاً وسهلاً",
        "مرحبا بك", "أهلاً بك", "كيف حالك اليوم؟", "مساء النور", "صباح النور", "مرحباً", "أهلاً", "كيف حالك؟", "مرحباً بكم", "تحياتي", "كيف يمكنني أن أساعدك؟", "أهلاً وسهلاً بك"
      ],
      "responses": [
        "أهلاً بك! كيف يمكنني مساعدتك؟",
        "مرحباً! أنا هنا لمساعدتك في أي استفسار.",
        "أهلاً وسهلاً! كيف يمكنني خدمتك؟",
        "مرحباً بك! كيف يمكنني أن أخدمك اليوم؟",
        "أهلاً! تفضل، كيف أستطيع مساعدتك؟",
        "مرحباً! ما الذي تبحث عنه اليوم؟"
      ]
    },
    {
      "tag": "goodbye",
      "patterns": [
        "مع السلامة", "شكرا", "إلى اللقاء", "شكراً جزيلاً", "وداعاً", "أراك لاحقاً", "انتهت المحادثة", "شكراً على المساعدة", "إلى اللقاء قريباً",
        "شكراً", "شكراً جزيلاً لك", "مع السلامة", "باي", "أشوفك لاحقاً", "مع السلامة يا رب", "في أمان الله", "شكراً على وقتك", "وداعاً", "إلى اللقاء", "أراك قريباً"
      ],
      "responses": [
        "مع السلامة! نتمنى لك يوماً سعيداً.",
        "إلى اللقاء! يسعدنا خدمتك.",
        "شكراً لتواصلك! نتمنى لك يوماً موفقاً.",
        "في أمان الله! نأمل أن نراك قريباً.",
        "وداعاً! لا تتردد في التواصل معنا مرة أخرى.",
        "إلى اللقاء! يسعدنا دائماً مساعدتك."
      ]
    },
    {
      "tag": "ask_service_general",
      "patterns": [
        "ما هي خدماتكم؟", "ماذا تقدمون؟", "أريد معرفة الخدمات", "تحدث عن خدماتكم", "ماذا يمكن أن أجد لديكم؟",
        "هل لديكم خدمات عامة؟", "ما هي أنواع الخدمات التي تقدمونها؟", "أخبرني عن خدماتكم", "ماذا تفعلون؟", "هل يمكنني الاستفسار عن خدماتكم؟",
        "ما هي الخدمات المتوفرة؟", "ماذا تقدمون من خدمات؟", "أريد معلومات عن خدماتكم", "أريد أن أعرف عن خدماتكم", "ما هي الخدمات التي تقدمونها؟",
        "هل يمكنكم إخباري عن خدماتكم؟", "ماذا يشمل عملكم؟", "ماذا تقدمون للعملاء؟"
      ],
      "responses": [
        "نقدم مجموعة واسعة من الخدمات الرقمية المتكاملة. يمكنك زيارة مواقعنا almsand.sa و almsand.net للاطلاع على قائمة خدماتنا الشاملة.",
        "لدينا العديد من الخدمات المتنوعة التي تغطي التصميم، البرمجة، التسويق الرقمي، والاستشارات. هل تبحث عن خدمة معينة؟",
        "تفضل بزيارة مواقعنا almsand.sa و almsand.net للاطلاع على تفاصيل خدماتنا في الرخص التجارية، العقار، البرمجة، التصميم، الأمور الطلابية، المدارس، الإقامات، المرور، والجوازات."
      ]
    },
    {
      "tag": "ask_service_specific",
      "patterns": [
        "ما هي متطلبات تجديد الإقامة؟", "كم يستغرق تصميم موقع؟", "أريد معلومات عن الرخص التجارية",
        "هل تقدمون خدمات الجوازات؟", "كم تكلفة خدمة حساب المواطن؟", "أريد معرفة عن خدمات الوافدين",
        "ما هي إجراءات الشهادات الصحية؟", "هل لديكم خدمات مرور؟", "استفسار عن تأشيرات",
        "ما هي خدماتكم في التصميم؟", "هل تقومون بتطوير تطبيقات؟", "معلومات عن التسويق الرقمي",
        "أريد تجديد إقامتي", "كم سعر رخصة تجارية؟", "هل يمكنني الحصول على جواز سفر؟",
        "أريد معرفة عن خدمات منصة ايجار", "ما هي خدماتكم الحكومية؟", "هل لديكم خدمات طلابية؟",
        "استفسار عن الخدمات البنكية", "ما هي خدمات التصميم والديزاين؟", "هل لديكم استضافة وسحابة؟",
        "أريد بناء هوية وعلامة تجارية", "هل تقدمون استشارات رقمية؟", "تفاصيل عن خدمة معينة", "أريد معلومات عن خدمة تجديد الإقامة",
        "ما هي خدمة تجديد الإقامة؟", "هل لديكم خدمة الرخص التجارية؟", "استفسار عن الجوازات", "خدمات المرور لديكم",
        "معلومات عن التأشيرات", "هل توفرون التأمين؟", "كم تكلفة حساب المواطن؟", "خدمات الشهادات الصحية",
        "ماذا عن خدمات الوافدين؟", "إنجاز المعاملات", "تصميم تجربة المستخدم", "تطوير المواقع",
        "التسويق الرقمي", "الاستضافة", "بناء الهوية", "الاستشارات الرقمية", "خدمة تجديد الإقامة", "خدمة الرخص التجارية",
        "خدمة الجوازات", "خدمة المرور", "خدمة التأشيرات", "خدمة التأمين", "خدمة حساب المواطن", "خدمة الشهادات الصحية",
        "خدمة الوافدين", "خدمة إدارة وإنجاز المعاملات", "خدمة تصميم تجربة المستخدم", "خدمة تطوير المواقع والتطبيقات",
        "خدمة التسويق الرقمي", "خدمة الاستضافة والسحابة", "خدمة بناء الهوية والعلامة", "خدمة الاستشارات الرقمية",
        "أريد تفاصيل عن {service_name}", "هل تقدمون {service_name}؟", "معلومات عن {service_name}", "كم تكلفة {service_name}؟", "ما هي متطلبات {service_name}؟",
        "هل يمكنني الاستفسار عن {service_name}؟", "ما هي إجراءات {service_name}؟", "أريد حجز موعد لـ {service_name}"
      ],
      "responses": [
        "للحصول على تفاصيل دقيقة حول خدمة {service_name}، يرجى تحديد استفسارك بشكل أدق أو زيارة موقعنا للحصول على أحدث المعلومات.",
        "خدمة {service_name} متوفرة لدينا. ما الذي تود معرفته عنها تحديداً؟",
        "يمكنني تزويدك بمعلومات عن خدمة {service_name} من مواقعنا الرسمية. يرجى توضيح سؤالك."
      ]
    },
    {
      "tag": "ask_branch_location",
      "patterns": [
        "أين يقع فرع الدائري؟", "ما هو عنوان مكتب العيون؟", "موقع فرعكم في الدائري",
        "أين أجد مكتب العيون؟", "هل لديكم فروع أخرى؟", "أين يقع أقرب فرع؟",
        "موقع فرع الدائري", "عنوان مكتب العيون", "أين يقع مكتب الدائري؟", "أين أجد فروعكم؟", "موقعكم",
        "عنوان فرع الدائري", "موقع مكتب العيون", "فروعكم", "أين تقع مكاتبكم؟", "أين يمكنني زيارتكم؟", "موقع المكتب",
        "هل لديكم فروع في الرياض؟", "أين يقع مكتبكم؟", "موقع فرع العيون"
      ],
      "responses": [
        "مكتب الدائري مختص في الرخص التجارية والعقار والبرمجة والتصميم والأمور الطلابية والمدارس. يمكنك زيارة almsand.net للمزيد من التفاصيل.",
        "مكتب العيون مختص في ما يتعلق بالدوائر الحكومية من إقامات ومرور وجوازات. يمكنك زيارة almsand.sa للمزيد من التفاصيل.",
        "لدينا فرعان، أحدهما على الدائري والآخر على طريق العيون. أي فرع تبحث عنه؟",
        "يمكنك زيارة أحد فروعنا: فرع الدائري أو فرع العيون. ما هو الفرع الأقرب إليك؟",
        "فرع الدائري يقع على الدائري، وفرع العيون يقع على طريق العيون."
      ]
    },
    {
      "tag": "ask_working_hours",
      "patterns": [
        "متى تفتحون؟", "ما هي أوقات دوامكم؟", "ساعات العمل؟", "متى تغلقون؟", "هل أنتم مفتوحون الآن؟",
        "مواعيد العمل", "متى تبدأون العمل؟", "متى تنتهي ساعات العمل؟", "أوقات الدوام", "متى يمكنني زيارتكم؟",
        "مواعيد فتح المكتب", "ساعات عمل المكتب", "أوقات الدوام الرسمية", "متى تعملون؟", "هل أنتم متاحون الآن؟", "مواعيد الفتح والإغلاق"
      ],
      "responses": [
        "مكاتبنا تعمل من الأحد إلى الخميس من الساعة 9 صباحاً حتى 5 مساءً.",
        "ساعات العمل من الأحد إلى الخميس، من 9 صباحاً إلى 5 مساءً.",
        "نعمل من الأحد إلى الخميس، من التاسعة صباحاً حتى الخامسة مساءً.",
        "أوقات عملنا هي من الأحد إلى الخميس، من 9 صباحاً إلى 5 مساءً."
      ]
    },
    {
      "tag": "ask_contact_info",
      "patterns": [
        "ما هو رقم هاتفكم؟", "كيف أتواصل معكم؟", "أريد أرقام التواصل", "هل لديكم رقم واتساب؟",
        "رقم الاتصال", "كيف يمكنني الاتصال بكم؟", "أرقام الفروع", "رقم الواتساب", "طرق التواصل",
        "رقم هاتف مكتب الدائري", "رقم هاتف مكتب العيون", "كيف أتصل بكم؟", "أريد التواصل معكم", "هل لديكم بريد إلكتروني؟",
        "أريد رقم هاتفكم", "كيف يمكنني الاتصال بالمكتب؟", "هل لديكم حسابات على وسائل التواصل؟"
      ],
      "responses": [
        "يمكنك التواصل معنا عبر الأرقام التالية: مكتب الدائري: +966546206165، مكتب العيون: +966546448083. أو زيارة مواقعنا almsand.sa و almsand.net.",
        "أرقام التواصل هي: مكتب الدائري: +966546206165، مكتب العيون: +966546448083. كما يمكنك زيارة مواقعنا.",
        "للتواصل، يرجى الاتصال بأحد الأرقام المذكورة أو زيارة موقعنا الإلكتروني.",
        "يمكنك الاتصال بنا على +966546206165 لفرع الدائري، أو +966546448083 لفرع العيون."
      ]
    },
    {
      "tag": "book_appointment",
      "patterns": [
        "أريد حجز موعد", "هل يمكنني تحديد موعد؟", "أرغب في حجز موعد", "كيف أحجز موعد؟",
        "أريد موعد", "هل يمكنني تحديد موعد لخدمة معينة؟", "حجز موعد جديد", "أرغب في تحديد موعد",
        "أحتاج موعد", "هل يمكنني حجز موعد لخدمة {service_name}؟", "أريد أن أحجز موعد", "كيف أحصل على موعد؟",
        "هل يمكنني تحديد موعد لزيارة المكتب؟", "أرغب في تحديد موعد للاستشارة"
      ],
      "responses": [
        "بالتأكيد، يمكنني مساعدتك في حجز موعد. يرجى تزويدي باسمك، رقم هاتفك، الخدمة المطلوبة، والفرع المفضل، والتاريخ والوقت المقترح.",
        "لحجز موعد، يرجى تزويدنا بالمعلومات التالية: الاسم، رقم الهاتف، الخدمة، الفرع، والتاريخ والوقت المناسب.",
        "لترتيب موعد، أحتاج إلى اسمك، رقم هاتفك، الخدمة المطلوبة، الفرع، والتاريخ والوقت المقترح.",
        "يرجى تزويدي باسمك ورقم هاتفك والخدمة التي ترغب بها لحجز موعد."
      ]
    },
    {
      "tag": "cancel_appointment",
      "patterns": [
        "أريد إلغاء موعد", "كيف ألغي موعدي؟", "إلغاء موعد", "هل يمكنني إلغاء موعدي؟", "إلغاء الحجز",
        "أرغب في إلغاء موعدي", "كيف يتم إلغاء الموعد؟", "إلغاء موعدي", "أريد إلغاء الحجز", "هل يمكنني إلغاء الحجز؟", "كيف ألغي موعدي المحدد؟"
      ],
      "responses": [
        "لإلغاء موعدك، يرجى تزويدي برقم الموعد أو اسمك ورقم هاتفك لتحديد الموعد المراد إلغاؤه.",
        "يمكنك إلغاء موعدك بتزويدنا بتفاصيل الحجز.",
        "يرجى تزويدي بمعلومات الموعد الذي تود إلغاءه.",
        "لإلغاء الحجز، أحتاج إلى رقم الموعد أو اسمك ورقم هاتفك."
      ]
    },
    {
      "tag": "modify_appointment",
      "patterns": [
        "أريد تغيير موعدي", "هل يمكنني تعديل الموعد؟", "تعديل موعد", "تغيير موعد", "تعديل الحجز",
        "أرغب في تغيير موعدي", "كيف أعدل موعدي؟", "تغيير موعدي", "تعديل موعد الحجز", "هل يمكنني تغيير تاريخ الموعد؟", "أريد تعديل وقت الموعد"
      ],
      "responses": [
        "لتعديل موعدك، يرجى تزويدي برقم الموعد أو اسمك ورقم هاتفك، بالإضافة إلى التاريخ والوقت الجديد المقترح.",
        "يمكنك تعديل موعدك بتزويدنا بتفاصيل الحجز والتاريخ والوقت الجديد.",
        "للتعديل على موعدك، أحتاج إلى رقم الموعد والتاريخ والوقت الجديد.",
        "يرجى تزويدي بتفاصيل موعدك الحالي والتاريخ والوقت الجديد الذي تفضله."
      ]
    },
    {
      "tag": "confirm_action",
      "patterns": [
        "نعم", "موافق", "تمام", "بالتأكيد", "أجل", "صحيح", "حسناً", "مفهوم", "أوكيه", "نعم صحيح",
        "موافق تماماً", "أكيد", "بالضبط", "نعم، هذا صحيح", "أوافق", "مؤكد", "بالتأكيد"
      ],
      "responses": [
        "شكراً لتأكيدك.",
        "حسناً، تم التأكيد.",
        "مفهوم، شكراً لك.",
        "تم التأكيد بنجاح."
      ]
    },
    {
      "tag": "deny_action",
      "patterns": [
        "لا", "ليس الآن", "لا أريد", "لا شكراً", "غير مهتم", "لا أحتاج", "لا أرغب", "لا ليس كذلك",
        "لا أبداً", "غير موافق", "لا، شكراً", "لا أريد ذلك", "ليس هذا ما أقصده", "لا أوافق"
      ],
      "responses": [
        "حسناً، لا مشكلة. هل يمكنني مساعدتك في شيء آخر؟",
        "مفهوم. هل هناك أي شيء آخر يمكنني تقديمه لك؟",
        "لا بأس. هل لديك استفسار آخر؟",
        "حسناً. هل يمكنني تقديم مساعدة أخرى؟"
      ]
    },
    {
      "tag": "ask_price",
      "patterns": [
        "كم تكلفة خدمة كذا؟", "ما هو سعر تجديد الإقامة؟", "كم يكلف تصميم موقع؟", "أسعار الخدمات",
        "كم يكلف؟", "ما هي الرسوم؟", "كم أدفع؟", "كم السعر؟", "تكلفة الخدمة",
        "سعر {service_name}", "كم تكلفة {service_name}؟", "كم سعر {service_name}؟", "ما هي رسوم {service_name}؟",
        "كم يكلف {service_name}؟", "ما هي تكلفة {service_name}؟"
      ],
      "responses": [
        "تختلف تكلفة خدمة {service_name} حسب التفاصيل والمتطلبات الخاصة بك. يرجى التواصل معنا على الأرقام المذكورة أو زيارة أحد فروعنا للحصول على عرض سعر دقيق.",
        "للحصول على سعر دقيق لخدمة {service_name}، يرجى الاتصال بنا أو زيارة أحد فروعنا. فريقنا سيقدم لك عرضاً مخصصاً.",
        "تعتمد تكلفة {service_name} على المتطلبات المحددة للمشروع. يرجى التواصل للحصول على عرض سعر مفصل."
      ]
    },
    {
      "tag": "ask_requirements",
      "patterns": [
        "ما هي الأوراق المطلوبة لخدمة كذا؟", "متطلبات تجديد الإقامة؟", "ماذا أحتاج لخدمة الرخص التجارية؟",
        "ما هي المستندات المطلوبة؟", "ماذا يلزم لخدمة معينة؟", "الأوراق المطلوبة", "المستندات اللازمة",
        "متطلبات {service_name}", "ماذا أحتاج لـ {service_name}؟", "ما هي الوثائق المطلوبة لـ {service_name}؟", "ماذا يجب أن أحضر لـ {service_name}؟",
        "ما هي شروط {service_name}؟", "ما هي المستندات اللازمة لـ {service_name}؟"
      ],
      "responses": [
        "متطلبات خدمة {service_name} تختلف بناءً على الحالة. يرجى تزويدي بمزيد من التفاصيل أو التواصل معنا مباشرة للحصول على قائمة دقيقة.",
        "للحصول على قائمة المتطلبات لخدمة {service_name}، يرجى التواصل مع الفرع المختص أو زيارة موقعنا. فريقنا سيقدم لك الإرشادات اللازمة.",
        "يرجى التواصل معنا لتزويدك بقائمة المتطلبات الدقيقة لخدمة {service_name}. نحن هنا لمساعدتك في كل الخطوات."
      ]
    },
    {
      "tag": "new_customer_inquiry",
      "patterns": [
        "أنا عميل جديد", "أريد الاستفسار عن...", "لدي استفسار كعميل جديد", "أول مرة أتعامل معكم",
        "أنا زبون جديد", "هل يمكنني طرح سؤال كعميل جديد؟", "أنا عميل محتمل", "أرغب في معرفة المزيد",
        "أنا جديد هنا", "أريد أن أصبح عميل", "أريد معلومات كعميل جديد", "لدي استفسار عام", "أنا زائر جديد", "أرغب في التعرف على خدماتكم"
      ],
      "responses": [
        "أهلاً بك عميلنا الجديد! يسعدنا مساعدتك. ما هو استفسارك الأول؟",
        "مرحباً بك في المساند! كيف يمكنني مساعدتك اليوم؟",
        "يسعدنا انضمامك إلينا. ما الذي تود معرفته؟",
        "أهلاً بك! ما هو السؤال الذي يدور في ذهنك كعميل جديد؟"
      ]
    },
    {
      "tag": "unknown",
      "patterns": [],
      "responses": [
        "عذراً، لم أفهم سؤالك. هل يمكنك توضيح ما تبحث عنه؟ يمكنك أيضاً التواصل معنا عبر الأرقام: مكتب الدائري: +966546206165، مكتب العيون: +966546448083 أو زيارة مواقعنا almsand.sa و almsand.net.",
        "لم أفهم ما تقصده. يرجى إعادة صياغة سؤالك أو الاتصال بنا مباشرة.",
        "عذراً، لم أستطع فهم سؤالك. هل يمكنك محاولة صياغته بطريقة أخرى؟",
        "أنا آسف، لم أفهم سؤالك. هل يمكنك تكراره أو صياغته بطريقة مختلفة؟"
      ]
    }
  ]
}


